pc_name,ip
P001,172.30.2.1
P002,172.30.2.2
P003,172.30.2.3
P004,172.30.2.4
P005,172.30.2.5
P006,172.30.2.6
P007,172.30.2.7
P008,172.30.2.8
P009,172.30.2.9
P010,172.30.2.10
P011,172.30.2.11
P012,172.30.2.12
P013,172.30.2.13
P014,172.30.2.14
P015,172.30.2.15
P016,172.30.2.16
P017,172.30.2.17
P018,172.30.2.18
P019,172.30.2.19
P020,172.30.2.20
P021,172.30.2.21
P022,172.30.2.22
P023,172.30.2.23
P024,172.30.2.24
P025,172.30.2.25
P026,172.30.2.26
P027,172.30.2.27
P028,172.30.2.28
P029,172.30.2.29
P030,172.30.2.30
P031,172.30.2.31
P032,172.30.2.32
P033,172.30.2.33
P034,172.30.2.34
P035,172.30.2.35
P036,172.30.2.36
P037,172.30.2.37
P038,172.30.2.38
P039,172.30.2.39
P040,172.30.2.40
P041,172.30.2.41
P042,172.30.2.42
P043,172.30.2.43
P044,172.30.2.44
P045,172.30.2.45
P046,172.30.2.46
P047,172.30.2.47
P048,172.30.2.48
P049,172.30.2.49
P050,172.30.2.50
P051,172.30.2.51
P052,172.30.2.52
P053,172.30.2.53
P054,172.30.2.54
P055,172.30.2.55
P056,172.30.2.56
P057,172.30.2.57
P058,172.30.2.58
P059,172.30.2.59
P060,172.30.2.60
P061,172.30.2.61
P062,172.30.2.62
P063,172.30.2.63
P064,172.30.2.64
P065,172.30.2.65
P066,172.30.2.66
P067,172.30.2.67
P068,172.30.2.68
P069,172.30.2.69
P070,172.30.2.70
P071,172.30.2.71
P072,172.30.2.72
P073,172.30.2.73
P074,172.30.2.74
P075,172.30.2.75
P076,172.30.2.76
P077,172.30.2.77
P078,172.30.2.78
P079,172.30.2.79
P080,172.30.2.80
P081,172.30.2.81
P082,172.30.2.82
P083,172.30.2.83
P084,172.30.2.84
P085,172.30.2.85
P086,172.30.2.86
P087,172.30.2.87
P088,172.30.2.88
P089,172.30.2.89
P090,172.30.2.90
P091,172.30.2.91
P092,172.30.2.92
P093,172.30.2.93
P094,172.30.2.94
P095,172.30.2.95
P096,172.30.2.96
P097,172.30.2.97
P098,172.30.2.98
P099,172.30.2.99
P100,172.30.2.100
